Epoch,ACC,SE,SP,PC,F1,JS,DC
0.0,0.5870196686336409,0.25154671938723044,0.9748530425568626,0.8926161267147656,0.36669656426888403,0.24110568390668138,0.12107478453777847
